date,temperature_c,rainfall_mm,sales_units,ad_spend_usd,foot_traffic,day_of_week,is_holiday,product_category,customer_segment
2023-01-01,16.662276020592046,0.12447111141255657,637,705.6699601549891,1414,Sunday,0,Food,New
2023-01-02,14.929423212713903,0.0,628,347.8430568298767,1308,Monday,0,Food,VIP
2023-01-03,17.459262286534614,0.0,735,375.6821489003914,1159,Tuesday,0,Electronics,VIP
2023-01-04,20.257113837247275,0.0,660,810.086643928714,1372,Wednesday,0,Food,VIP
2023-01-05,15.157187863204458,0.0,482,501.77756476142395,1456,Thursday,0,Food,New
2023-01-06,15.328606103626806,0.0,512,818.5423064665173,1641,Friday,0,Clothing,New
2023-01-07,20.939718895515703,0.0,679,840.1801363014506,1379,Saturday,0,Food,Returning
2023-01-08,18.675091908591376,0.0,515,871.8061038951554,1378,Sunday,0,Electronics,New
2023-01-09,15.134665048837954,0.0,575,924.9717122570866,1794,Monday,0,Clothing,Returning
2023-01-10,18.34061157257267,0.0,703,487.8866984619666,1203,Tuesday,0,Clothing,VIP
2023-01-11,15.492014019995057,0.0,486,386.98013648902497,1084,Wednesday,0,Electronics,Returning
2023-01-12,15.65385573797542,0.0,356,623.9788719347025,965,Thursday,0,Clothing,Returning
2023-01-13,17.945101944739758,0.0,699,434.0551810938648,1344,Friday,0,Clothing,VIP
2023-01-14,11.646886926086106,0.0,437,640.9667501202097,1236,Saturday,0,Clothing,Returning
2023-01-15,12.378779453622771,0.0,499,735.0272763794421,1618,Sunday,0,Clothing,New
2023-01-16,16.03271898761814,0.0,432,719.5645166429232,1378,Monday,0,Electronics,New
2023-01-17,14.846330967802817,0.0,478,437.0975983181092,1108,Tuesday,0,Electronics,New
2023-01-18,18.99195424434871,0.0,457,250.17418152887754,1484,Wednesday,0,Clothing,New
2023-01-19,15.48862439036001,0.0,508,487.4764046159868,1417,Thursday,0,Clothing,Returning
2023-01-20,14.138317891935259,0.0,422,228.33472967371787,1146,Friday,0,Electronics,Returning
2023-01-21,22.933707528528377,0.0,545,901.0873316654275,1071,Saturday,0,Electronics,VIP
2023-01-22,18.019916527447123,2.831117362517058,423,411.28971466407165,1326,Sunday,0,Electronics,Returning
2023-01-23,19.059218676499842,0.0,447,239.0137725009914,1294,Monday,1,Clothing,Returning
2023-01-24,14.74063533341936,2.7212857134677506,392,122.90298391517578,1062,Tuesday,0,Clothing,Returning
2023-01-25,17.53878785254762,0.0,689,681.2401476578358,1562,Wednesday,0,Food,VIP
2023-01-26,19.660523694633913,0.0,495,673.2120857092689,1312,Thursday,0,Electronics,New
2023-01-27,16.0293126851372,0.0,488,406.5437499231625,1404,Friday,0,Clothing,Returning
2023-01-28,20.762596764065524,0.0,618,164.54069996288592,1226,Saturday,0,Electronics,VIP
2023-01-29,17.98542233140147,0.0,607,468.6660054057088,1351,Sunday,0,Clothing,VIP
2023-01-30,19.062674252219942,0.0,702,380.0957455570542,1494,Monday,0,Electronics,VIP
2023-01-31,18.281589601832852,0.0,470,709.4085757615085,1458,Tuesday,0,Clothing,New
2023-02-01,25.790990627182314,1.1983004068942895,433,645.2013245074213,1242,Wednesday,0,Food,Returning
2023-02-02,20.339560041169197,0.158145245477775,593,428.134355377786,1185,Thursday,0,Food,VIP
2023-02-03,17.351220344808496,5.272979294379948,432,296.1032988294911,1306,Friday,0,Electronics,New
2023-02-04,23.134652299220743,0.0,639,989.2323695400327,1108,Saturday,0,Clothing,VIP
2023-02-05,17.14547178462494,0.0,708,508.6014590765034,1553,Sunday,0,Clothing,VIP
2023-02-06,21.5738576546219,3.2047655735140683,748,719.4468122022133,1691,Monday,0,Electronics,VIP
2023-02-07,15.205758329511935,0.0,577,226.49767082052472,1161,Tuesday,0,Clothing,VIP
2023-02-08,17.235909337713384,0.0,718,537.0307296934579,1207,Wednesday,0,Electronics,VIP
2023-02-09,21.944906716509145,0.0,475,124.78304788251894,1329,Thursday,1,Clothing,New
2023-02-10,23.701695350336045,0.0,426,554.909606119405,1047,Friday,0,Electronics,Returning
2023-02-11,22.13045102599269,7.368460219450181,451,967.6156664059321,1368,Saturday,0,Clothing,Returning
2023-02-12,21.397491341164734,0.0,489,445.7860416872202,1575,Sunday,0,Electronics,Returning
2023-02-13,20.9672165854688,0.0,451,135.09641131742043,1452,Monday,0,Clothing,Returning
2023-02-14,17.55901729941419,0.0,515,127.86021182740917,1626,Tuesday,0,Food,New
2023-02-15,19.957033597633618,0.0,478,449.1880839521825,1426,Wednesday,0,Clothing,New
2023-02-16,20.854524070079762,0.0,395,244.02244281687464,1293,Thursday,0,Electronics,New
2023-02-17,25.5255369082966,12.681916509071321,692,121.01688669536732,1518,Friday,0,Food,VIP
2023-02-18,23.500575745670936,0.0,630,780.5922525551591,1197,Saturday,0,Clothing,VIP
2023-02-19,17.29393761869742,0.0,1028,512.6707079937016,1901,Sunday,0,Food,VIP
2023-02-20,23.666400177023764,0.0,432,360.3202947753891,1242,Monday,0,Clothing,Returning
2023-02-21,21.647711669458804,0.6238958208700401,747,910.0748647148326,1645,Tuesday,0,Food,VIP
2023-02-22,20.878690566649897,0.0,593,204.52506418047307,1349,Wednesday,0,Electronics,Returning
2023-02-23,24.848639748269367,5.784894074723557,679,960.3269460597872,1264,Thursday,0,Clothing,VIP
2023-02-24,26.208389157561463,0.0,369,382.57004563961755,1212,Friday,0,Clothing,Returning
2023-02-25,26.00860589037274,0.0,739,899.5633050778131,1660,Saturday,0,Electronics,VIP
2023-02-26,20.79405369399016,0.0,826,642.6485888315154,1291,Sunday,0,Food,VIP
2023-02-27,22.47854692879114,0.0,572,844.0366237673387,1724,Monday,1,Electronics,New
2023-02-28,24.491961209485968,0.0,782,985.6118468894178,1156,Tuesday,1,Electronics,VIP
2023-03-01,26.514274964125107,0.0,584,359.5648940368711,1094,Wednesday,0,Food,VIP
2023-03-02,22.237040833760098,0.0,494,965.0219368668337,1527,Thursday,0,Electronics,New
2023-03-03,23.20194012145098,1.8579419859009692,361,450.53370541217834,1029,Friday,0,Clothing,Returning
2023-03-04,20.52167017741555,0.0,392,446.9607142632301,1104,Saturday,0,Clothing,New
2023-03-05,20.331193592353472,0.0,516,406.3483938290551,1692,Sunday,0,Clothing,New
2023-03-06,26.433886163705026,0.3760261115334893,392,587.2668466128266,1169,Monday,0,Electronics,Returning
2023-03-07,28.13885821373883,0.0,529,238.73053886063838,982,Tuesday,0,Clothing,VIP
2023-03-08,23.925249517112334,0.0,469,598.34033682221,1484,Wednesday,0,Clothing,Returning
2023-03-09,27.22031157084242,4.581710517459567,681,587.5343311690036,1292,Thursday,0,Clothing,VIP
2023-03-10,25.360324910934867,0.0,687,785.711631344383,1430,Friday,0,Clothing,VIP
2023-03-11,22.40301302441388,0.0,568,850.284965743827,1835,Saturday,0,Clothing,Returning
2023-03-12,25.482747395944198,0.0,383,496.3972152811816,1330,Sunday,0,Clothing,New
2023-03-13,29.070073573669333,0.0,320,372.0999244163444,963,Monday,0,Electronics,Returning
2023-03-14,24.40308704562168,0.0,686,333.401407585385,1384,Tuesday,0,Clothing,VIP
2023-03-15,29.256279233361074,0.0,364,275.16145303438475,1118,Wednesday,0,Clothing,Returning
2023-03-16,16.752062526453777,0.5542677540477307,418,151.8828239791224,1278,Thursday,0,Food,Returning
2023-03-17,27.12310688967422,0.0,670,408.203180951242,1498,Friday,0,Electronics,VIP
2023-03-18,24.961780423229584,0.0,442,343.2229229177049,1226,Saturday,0,Electronics,New
2023-03-19,23.8439825003266,0.0,499,969.7756472797666,1469,Sunday,0,Electronics,Returning
2023-03-20,25.053765744663078,0.0,742,601.9379436250395,1464,Monday,0,Electronics,VIP
2023-03-21,18.850357958913413,0.0,614,412.5493351274568,1090,Tuesday,0,Clothing,VIP
2023-03-22,24.185722504008385,0.0,487,622.4208408943264,1498,Wednesday,0,Clothing,Returning
2023-03-23,25.944832138475103,0.0,395,225.27703121112597,1265,Thursday,0,Food,New
2023-03-24,29.333007085098078,0.0,415,499.6393742819826,1180,Friday,0,Food,Returning
2023-03-25,23.367411439358378,1.9760491799893007,525,663.6108892789574,1652,Saturday,0,Electronics,New
2023-03-26,22.516698260259957,0.0,666,540.0080486132063,1509,Sunday,0,Food,New
2023-03-27,23.45391883071818,0.45984458552025365,475,461.6009205888918,1618,Monday,1,Food,New
2023-03-28,27.719456084187776,0.0,614,994.4635500097284,1548,Tuesday,0,Electronics,New
2023-03-29,25.970607540534694,0.16883422852762026,545,892.2832859340343,1271,Wednesday,0,Electronics,Returning
2023-03-30,23.403219501095716,0.0,607,661.0653623434961,1070,Thursday,0,Food,VIP
2023-03-31,26.537487319138975,0.0,577,612.4396250640544,970,Friday,0,Clothing,VIP
2023-04-01,25.291140045406024,0.0,740,658.5944318421257,1094,Saturday,1,Food,VIP
2023-04-02,27.905101558146047,0.0,891,281.18089704018996,1271,Sunday,0,Food,VIP
2023-04-03,22.889303525241516,0.0,575,455.62396893788673,1196,Monday,0,Clothing,VIP
2023-04-04,24.00581071605703,0.0,581,135.5135796018094,1006,Tuesday,0,Clothing,VIP
2023-04-05,23.80284714925745,0.0,519,527.991433738144,1188,Wednesday,0,Electronics,Returning
2023-04-06,20.576044173145345,0.0,470,588.7221255618969,1394,Thursday,0,Electronics,New
2023-04-07,25.839413942200707,0.0,641,304.97476249288866,1202,Friday,0,Food,VIP
2023-04-08,25.71573430921381,0.0,510,967.6259624489624,1623,Saturday,0,Clothing,Returning
2023-04-09,24.92648100986193,0.0,637,918.5091498435178,1442,Sunday,1,Electronics,VIP
2023-04-10,24.183014502197967,0.0,644,749.9289119103153,1216,Monday,0,Food,VIP
2023-04-11,20.613369273487063,0.0,469,580.0479658888263,1363,Tuesday,0,Clothing,New
2023-04-12,23.567329551503747,0.26685242839504014,457,882.9722436829164,1354,Wednesday,0,Food,New
2023-04-13,23.76799336687459,0.0,482,217.58710944111664,1500,Thursday,0,Electronics,New
2023-04-14,22.353273698658825,0.0,696,811.4588148473965,1422,Friday,0,Electronics,VIP
2023-04-15,24.23732483129259,0.0,636,212.33873257016347,1396,Saturday,0,Clothing,VIP
2023-04-16,25.891530400684253,6.260337364360131,884,814.7895962944649,1516,Sunday,0,Food,VIP
2023-04-17,30.29326318927308,0.0,441,348.1908114262212,1204,Monday,0,Clothing,New
2023-04-18,25.11091160836848,0.0,634,889.38152291637,1654,Tuesday,0,Electronics,Returning
2023-04-19,25.30946113847275,0.0,702,949.6378844428581,1308,Wednesday,1,Electronics,VIP
2023-04-20,24.260278052823214,0.0,621,233.91637246460408,1163,Thursday,0,Food,VIP
2023-04-21,18.67129778800708,0.0,625,516.4080445588542,1195,Friday,0,Food,VIP
2023-04-22,24.289271836606662,3.9658584143946474,650,982.8886403464167,1297,Saturday,0,Food,Returning
2023-04-23,24.48792994020287,8.499488048327594,659,535.066692375832,1276,Sunday,0,Clothing,VIP
2023-04-24,31.632633559386793,0.0,530,877.1927702630907,1423,Monday,0,Food,Returning
2023-04-25,23.59875336625057,0.0,730,629.8583699181879,1407,Tuesday,0,Food,VIP
2023-04-26,25.010688327942997,3.736989069793848,533,437.7969171276417,1306,Wednesday,0,Electronics,Returning
2023-04-27,23.929422714131118,0.0,700,357.2051999732832,1601,Thursday,0,Electronics,VIP
2023-04-28,20.452358794490493,0.0,475,282.9007819774786,1363,Friday,0,Food,New
2023-04-29,27.309041669839992,0.0,771,785.6183722399275,1648,Saturday,0,Food,New
2023-04-30,26.05592113779568,0.0,441,447.8864561407251,1493,Sunday,0,Electronics,New
2023-05-01,26.09015902822236,0.0,337,560.1479159806761,900,Monday,0,Food,New
2023-05-02,20.903258916114897,0.0,687,543.0929320010637,1244,Tuesday,0,Clothing,VIP
2023-05-03,27.751604630306566,1.2372707909027696,441,619.5511263098181,1240,Wednesday,0,Clothing,New
2023-05-04,19.24693738515379,18.620514047170467,555,879.019431062097,1598,Thursday,0,Clothing,Returning
2023-05-05,25.11982607558718,0.0,518,982.6654092250865,1379,Friday,0,Food,New
2023-05-06,29.834908864669032,0.0,576,466.82578771643523,1715,Saturday,0,Electronics,New
2023-05-07,20.193771539067093,7.796065487971737,621,844.7670298956727,1357,Sunday,0,Food,New
2023-05-08,21.36590627440113,5.375081026707593,660,788.0750151892458,1201,Monday,0,Food,VIP
2023-05-09,23.260782733089084,0.0,580,616.176056310016,1448,Tuesday,0,Electronics,New
2023-05-10,21.34607158843855,4.052491495578103,613,960.4424292507398,1578,Wednesday,0,Electronics,Returning
2023-05-11,18.09685012047201,6.350594698644832,466,280.42706397556253,1389,Thursday,0,Electronics,New
2023-05-12,22.844575052323513,0.0,528,198.33778927865927,1602,Friday,0,Clothing,New
2023-05-13,19.33975713414177,0.0,772,868.56577025988,1735,Saturday,0,Food,New
2023-05-14,23.832997400391502,0.0,370,495.23483497037347,1028,Sunday,0,Electronics,Returning
2023-05-15,19.537302838163466,0.0,510,862.2719687863545,1679,Monday,0,Food,New
2023-05-16,26.82657235181224,0.0,515,903.7811846758734,1669,Tuesday,1,Clothing,Returning
2023-05-17,19.706076224063068,5.700738976376844,385,156.2118342571643,1273,Wednesday,0,Clothing,Returning
2023-05-18,20.96662772025275,0.0,477,895.1182866874547,1532,Thursday,0,Electronics,New
2023-05-19,24.24828574687917,0.0,486,503.48714983248,1300,Friday,0,Electronics,Returning
2023-05-20,17.98804569283347,0.0,825,559.389240103809,1317,Saturday,0,Food,VIP
2023-05-21,22.23394337590324,0.0,487,663.9332599838892,1526,Sunday,0,Electronics,New
2023-05-22,25.34197539521292,10.135099625954203,460,933.7443460570781,1226,Monday,0,Food,New
2023-05-23,16.465178442274663,0.0,549,117.20448498678763,1325,Tuesday,0,Electronics,Returning
2023-05-24,21.706747575230192,0.0,500,529.1591214860354,1527,Wednesday,0,Food,Returning
2023-05-25,21.795889014994497,0.0,440,718.9498381875046,1486,Thursday,0,Food,New
2023-05-26,23.223321138256665,0.0,695,750.4362619284057,1507,Friday,1,Food,VIP
2023-05-27,17.026870546409,0.0,668,723.2791883833971,1317,Saturday,0,Food,Returning
2023-05-28,16.634522784848937,0.0,525,220.99161646730965,1744,Sunday,1,Clothing,Returning
2023-05-29,22.018229082257204,0.0,605,369.4560295345131,1169,Monday,0,Food,VIP
2023-05-30,21.198254501318893,0.0,747,422.8439728753121,1265,Tuesday,0,Electronics,VIP
2023-05-31,20.912102461196156,0.0,524,823.9934869115544,1539,Wednesday,0,Clothing,New
2023-06-01,21.051762762948684,0.0,558,350.8838851730977,861,Thursday,0,Clothing,VIP
2023-06-02,17.82265290635143,6.459607837444352,350,289.63446748048284,1039,Friday,0,Food,New
2023-06-03,20.40835616822165,0.0,617,961.7032171342865,1250,Saturday,1,Clothing,VIP
2023-06-04,20.43828435498063,0.0,735,107.97695660212202,1566,Sunday,0,Food,Returning
2023-06-05,17.262133589425847,0.0,485,998.0387701137804,1497,Monday,0,Electronics,New
2023-06-06,24.847326933129814,0.0,573,709.1391689716561,1632,Tuesday,0,Food,New
2023-06-07,20.51505835089158,0.0,453,845.6223695042054,1344,Wednesday,0,Clothing,New
2023-06-08,15.36199227495672,0.0,668,365.15745671157384,1385,Thursday,1,Electronics,VIP
2023-06-09,20.746740477941138,12.172779697617994,484,112.88374990035398,1470,Friday,0,Food,Returning
2023-06-10,15.69309229661571,0.0,597,764.0825667053771,1630,Saturday,0,Electronics,New
2023-06-11,20.817376937934693,0.0,705,850.7301373006082,2071,Sunday,0,Electronics,New
2023-06-12,21.769871559267514,0.0,527,766.4285187581672,1748,Monday,0,Clothing,New
2023-06-13,15.669023454303138,6.604650075634277,594,228.56525857075474,1432,Tuesday,1,Electronics,New
2023-06-14,20.857256580467872,0.0,502,778.0851300312722,1507,Wednesday,0,Clothing,Returning
2023-06-15,19.040649532801655,0.0,788,792.0305038968769,1705,Thursday,0,Electronics,VIP
2023-06-16,20.10283540726354,0.0,440,692.6864641030494,1476,Friday,0,Food,Returning
2023-06-17,23.1606007527712,0.0,421,789.5043395160276,1392,Saturday,0,Electronics,New
2023-06-18,16.56689235429751,0.0,702,861.329295709959,1586,Sunday,0,Food,Returning
2023-06-19,14.874000661325493,17.770885194307557,482,652.2437028137126,1348,Monday,0,Food,New
2023-06-20,14.298185609059196,0.0,722,179.74424257271116,1251,Tuesday,0,Electronics,VIP
2023-06-21,14.350235002359309,0.0,893,538.8650287004898,2085,Wednesday,1,Food,VIP
2023-06-22,16.39676500114286,0.0,681,169.88440120444454,1323,Thursday,0,Electronics,VIP
2023-06-23,17.48144789364868,0.0,463,466.78872792918776,1301,Friday,0,Electronics,New
2023-06-24,17.11755417251587,0.0,734,466.39584021306484,1772,Saturday,1,Food,Returning
2023-06-25,18.598139818325023,0.0,764,159.40885972621743,1011,Sunday,0,Food,VIP
2023-06-26,15.984373173805713,0.0,451,413.9384805725314,1514,Monday,0,Clothing,New
2023-06-27,20.13446702380658,0.0,382,199.89828891218335,1245,Tuesday,0,Food,New
2023-06-28,14.808162273944061,0.0,414,827.4116890083,1282,Wednesday,0,Clothing,Returning
2023-06-29,23.590729829814162,0.0,672,952.9192233680237,1411,Thursday,0,Food,VIP
2023-06-30,17.13518644556635,0.0,424,165.08482773214473,1131,Friday,1,Electronics,New
2023-07-01,12.51459729963804,0.0,808,959.6036865625313,1844,Saturday,0,Food,Returning
2023-07-02,11.701252536929783,0.0,730,570.3189394030707,1681,Sunday,0,Electronics,VIP
2023-07-03,16.18923284345823,0.0,403,369.6091101584865,1277,Monday,0,Electronics,Returning
2023-07-04,13.899389313977144,1.9666210219446354,639,169.17586774854715,1632,Tuesday,0,Electronics,Returning
2023-07-05,16.539868708618346,7.424458453535825,533,550.561841263376,1770,Wednesday,0,Clothing,New
2023-07-06,15.645848081386003,0.0,551,815.0639900416738,1634,Thursday,0,Food,New
2023-07-07,13.836145763857388,0.0,566,736.3778295400283,1636,Friday,0,Electronics,New
2023-07-08,11.343028774577842,0.0,409,145.20341031757638,1242,Saturday,0,Electronics,Returning
2023-07-09,9.167976551416599,0.0,451,165.61165183111316,1429,Sunday,1,Clothing,New
2023-07-10,12.202463174600192,0.0,539,462.5859543693734,1445,Monday,0,Food,Returning
2023-07-11,15.941126253585253,0.0,550,365.76144464314893,1678,Tuesday,0,Food,Returning
2023-07-12,13.84461537513499,0.0,537,309.1458907504431,1692,Wednesday,0,Clothing,New
2023-07-13,9.296054765928274,0.0,664,352.9040490178422,1315,Thursday,0,Clothing,VIP
2023-07-14,13.384333623155587,0.0,659,823.1344689671962,1437,Friday,0,Food,VIP
2023-07-15,13.852895436880392,0.0,730,936.3052482686685,1604,Saturday,0,Clothing,VIP
2023-07-16,9.87820588658725,0.0,608,464.5924250748098,1438,Sunday,0,Food,Returning
2023-07-17,12.824520390556511,0.0,543,915.4999019192473,1553,Monday,0,Food,Returning
2023-07-18,12.37231940334584,0.0,568,389.34613112309376,1487,Tuesday,0,Electronics,Returning
2023-07-19,8.60396091377323,0.0,585,528.7932877094124,1353,Wednesday,0,Electronics,New
2023-07-20,12.942291671686583,0.0,385,303.42609803439973,993,Thursday,1,Food,Returning
2023-07-21,13.3882687568594,0.0,525,676.4284379582596,1371,Friday,0,Food,New
2023-07-22,14.793030602818499,0.0,697,981.083003657328,1544,Saturday,0,Food,New
2023-07-23,14.544268848807034,0.0,832,643.1437864390408,1264,Sunday,0,Food,VIP
2023-07-24,7.089912244089081,0.0,562,422.03267570219396,988,Monday,0,Food,VIP
2023-07-25,8.250622113689968,0.0,725,683.0357013914755,1347,Tuesday,0,Food,VIP
2023-07-26,12.451546213469769,0.0,547,210.62861061884882,1571,Wednesday,0,Clothing,New
2023-07-27,12.291354453041086,4.401655068179608,610,899.7931722388588,1830,Thursday,0,Food,New
2023-07-28,12.139955215413192,10.135053132645012,471,552.7755557018527,1492,Friday,0,Clothing,New
2023-07-29,21.999127536879573,0.0,453,504.4147678356779,1357,Saturday,0,Clothing,Returning
2023-07-30,12.001076455340861,0.0,826,627.2783096081673,1903,Sunday,0,Food,New
2023-07-31,13.543969849454896,0.0,648,662.3054765104622,1256,Monday,0,Food,VIP
2023-08-01,12.849587156021851,0.0,666,164.59822560386172,1522,Tuesday,0,Clothing,VIP
2023-08-02,11.793549843758868,3.7875702141697194,550,714.3554991010622,1548,Wednesday,0,Clothing,New
2023-08-03,8.746891784459631,0.0,548,317.73851228397666,1574,Thursday,0,Food,New
2023-08-04,11.824503276073296,0.0,747,742.5573692559308,1541,Friday,0,Food,VIP
2023-08-05,7.085631732285523,0.0,538,840.281314945777,1668,Saturday,0,Clothing,New
2023-08-06,8.551821500736729,0.0,695,823.5626567972682,1331,Sunday,0,Clothing,VIP
2023-08-07,7.666056833587956,0.0,479,597.2508706671002,1450,Monday,0,Clothing,Returning
2023-08-08,9.229381785909741,0.0,798,568.152903079676,1460,Tuesday,0,Electronics,VIP
2023-08-09,15.791129700387248,0.0,461,228.58836520547055,1313,Wednesday,1,Clothing,Returning
2023-08-10,3.1105762762664124,0.21230866500525847,609,797.811535362822,1859,Thursday,0,Electronics,New
2023-08-11,10.638233438757904,0.8028582566820947,440,344.2684424020429,1219,Friday,0,Food,New
2023-08-12,3.610288814340194,0.0,812,547.0258805361518,1724,Saturday,0,Food,Returning
2023-08-13,6.9035657604963685,0.0,494,355.84668363476504,1491,Sunday,1,Clothing,New
2023-08-14,11.459117696131939,0.0,463,220.4455266997238,1223,Monday,0,Food,Returning
2023-08-15,8.260027788416616,0.0,487,666.6019272025629,1246,Tuesday,0,Food,New
2023-08-16,4.710929565140307,0.0,569,148.89883134061344,1110,Wednesday,0,Food,VIP
2023-08-17,5.67731973546048,0.0,592,773.78071071358,1880,Thursday,0,Food,New
2023-08-18,9.743217705939152,0.0,726,385.828115735005,1481,Friday,0,Electronics,VIP
2023-08-19,5.396679996362632,0.0,668,100.1212237040368,1287,Saturday,0,Electronics,VIP
2023-08-20,8.12270749342584,0.0,518,560.0162253135068,1654,Sunday,0,Clothing,Returning
2023-08-21,7.497829391806013,0.0,502,142.1667176748428,1391,Monday,0,Clothing,New
2023-08-22,5.296358543512143,0.7520872710472859,429,348.5526020388095,1150,Tuesday,0,Clothing,Returning
2023-08-23,13.575333717188833,0.0,478,736.2788387101446,1504,Wednesday,0,Food,New
2023-08-24,8.93992842912788,0.0,717,156.42065945967929,1501,Thursday,0,Food,VIP
2023-08-25,0.8597727768177315,6.098491737704197,717,855.404643120402,1607,Friday,0,Electronics,VIP
2023-08-26,7.393982429849126,0.0,487,103.4379303927248,1246,Saturday,0,Electronics,New
2023-08-27,4.751098618455742,5.595592046659895,501,322.141482281712,1362,Sunday,1,Clothing,New
2023-08-28,9.198045210202308,0.0,553,766.8136505368643,1660,Monday,0,Electronics,Returning
2023-08-29,4.169947211171264,0.0,671,384.6431347563761,1754,Tuesday,0,Electronics,New
2023-08-30,6.112568978101035,0.0,507,191.70314925941216,1305,Wednesday,0,Electronics,New
2023-08-31,7.883540556442256,0.0,560,424.21052692038506,1697,Thursday,0,Electronics,New
2023-09-01,8.880202395417147,0.0,452,343.353957746073,1372,Friday,0,Electronics,Returning
2023-09-02,2.598988739097315,0.0,531,858.4407119444994,1554,Saturday,0,Clothing,New
2023-09-03,5.1159230661822255,0.0,722,382.0131258266288,1675,Sunday,0,Clothing,VIP
2023-09-04,4.616771159168043,0.0,615,810.0392245984065,1734,Monday,0,Electronics,Returning
2023-09-05,4.006454279032022,14.467161936901364,519,902.6849303296613,1592,Tuesday,0,Clothing,Returning
2023-09-06,11.190316419901128,5.74818117492311,696,490.4356776188766,1339,Wednesday,0,Food,VIP
2023-09-07,7.039108872288932,0.0,921,918.9488294689528,2166,Thursday,0,Electronics,VIP
2023-09-08,1.97444091506393,0.0,825,439.58624856687356,1721,Friday,1,Food,VIP
2023-09-09,8.446346530784535,0.0,562,967.6705748410974,1760,Saturday,0,Clothing,New
2023-09-10,11.997655128083586,0.0,639,180.36057207301565,1278,Sunday,1,Clothing,VIP
2023-09-11,8.669784347749236,0.15429158866952597,486,718.3173398529185,1632,Monday,0,Food,New
2023-09-12,0.9582743020162425,0.0,553,544.4326364112358,1630,Tuesday,1,Clothing,Returning
2023-09-13,4.010487815096791,0.0,571,448.8839249100823,1455,Wednesday,0,Electronics,Returning
2023-09-14,9.213555277686904,0.0,573,669.4406908737408,991,Thursday,0,Food,VIP
2023-09-15,3.2422861175021715,0.0,578,733.4713824708981,1705,Friday,0,Electronics,New
2023-09-16,6.652080454198044,0.0,921,103.92694268527818,1523,Saturday,0,Food,VIP
2023-09-17,7.602720193997399,2.5032578244792942,568,250.25777987247884,901,Sunday,0,Clothing,VIP
2023-09-18,2.4591030789420683,0.0,511,741.7414455708869,1391,Monday,0,Food,New
2023-09-19,5.0252870153597,0.0,799,699.7468722203859,1806,Tuesday,0,Food,VIP
2023-09-20,-4.55306754000704,0.0,821,969.4427546158095,2148,Wednesday,0,Electronics,Returning
2023-09-21,2.0673555763588274,37.20861454852203,768,784.9340112257047,1594,Thursday,0,Clothing,VIP
2023-09-22,4.355519643497115,0.24706499447150343,536,955.6954369582043,1534,Friday,0,Electronics,New
2023-09-23,1.3455098141709056,0.0,929,732.2864513813263,2717,Saturday,0,Clothing,New
2023-09-24,9.964665419120763,0.0,557,368.24698777549884,1682,Sunday,0,Electronics,Returning
2023-09-25,0.7585227551111275,0.0,482,194.82843002577084,1490,Monday,0,Food,New
2023-09-26,3.713277522367348,0.0,621,803.641477010442,1353,Tuesday,0,Electronics,New
2023-09-27,5.413050123204353,4.185275529632762,515,679.7342993283244,1686,Wednesday,0,Clothing,Returning
2023-09-28,9.33502271134801,0.0,619,143.3674111539666,1341,Thursday,0,Clothing,VIP
2023-09-29,0.6969507395881092,0.0,586,424.0454193108805,1524,Friday,0,Food,Returning
2023-09-30,8.4903246699175,0.0,834,961.1198339358575,1960,Saturday,0,Clothing,VIP
2023-10-01,5.030791785696859,0.0,546,550.361031139181,1743,Sunday,0,Electronics,Returning
2023-10-02,2.057789027057239,0.0,725,489.4562224177342,1525,Monday,0,Food,VIP
2023-10-03,6.393810310392977,0.0,504,511.92964464336455,1382,Tuesday,0,Clothing,Returning
2023-10-04,5.612824875164768,0.0,621,287.99445160464734,1314,Wednesday,0,Clothing,VIP
2023-10-05,3.2260996374420605,0.0,571,431.8364537783157,1688,Thursday,0,Electronics,Returning
2023-10-06,5.250216293498266,0.0,712,432.83193038845894,1540,Friday,0,Electronics,VIP
2023-10-07,3.9018801404751993,0.0,685,147.11951816872516,1676,Saturday,0,Food,Returning
2023-10-08,5.41832994157442,0.0,711,790.8108656661265,2158,Sunday,0,Clothing,New
2023-10-09,7.087067072689609,0.0,726,474.8539887134911,1436,Monday,0,Electronics,VIP
2023-10-10,9.884556024496192,0.0,495,839.961898134781,1451,Tuesday,0,Food,Returning
2023-10-11,1.44181533599853,0.0,757,865.3132010079058,1542,Wednesday,0,Clothing,VIP
2023-10-12,11.586035421252706,0.0,728,290.79464922879225,1577,Thursday,0,Clothing,VIP
2023-10-13,-0.6347468136240719,0.0,577,691.6181339531157,1650,Friday,1,Food,Returning
2023-10-14,4.803640163169044,0.0,856,525.0536237466836,1270,Saturday,0,Food,VIP
2023-10-15,7.064312400938659,2.4596767135570325,599,892.1410641293365,1668,Sunday,1,Electronics,Returning
2023-10-16,6.185576226656547,0.0,464,294.1666112588087,1378,Monday,0,Clothing,New
2023-10-17,3.5206036018152105,0.0,871,710.0318802790398,1980,Tuesday,0,Clothing,VIP
2023-10-18,4.813284983009115,0.0,593,646.9769100274503,1510,Wednesday,0,Clothing,New
2023-10-19,4.010432033071965,0.0,693,365.7713298146495,1454,Thursday,0,Food,VIP
2023-10-20,3.775941854895938,0.0,767,222.94081328605535,1646,Friday,0,Electronics,VIP
2023-10-21,8.150245711644121,0.0,730,686.4757844295489,1463,Saturday,0,Clothing,VIP
2023-10-22,6.7326741696658905,0.0,784,764.7377123190976,1954,Sunday,0,Food,Returning
2023-10-23,3.645854378426072,0.0,544,384.064609387015,1727,Monday,1,Clothing,New
2023-10-24,8.489086749133406,0.0,783,680.3493436200824,1289,Tuesday,0,Electronics,VIP
2023-10-25,6.780618680776492,0.0,478,455.61781685035294,1517,Wednesday,0,Clothing,Returning
2023-10-26,8.36844822849052,0.0,783,741.8861949543559,1823,Thursday,0,Electronics,VIP
2023-10-27,7.8925778292484035,0.0,470,279.2937474046478,1423,Friday,0,Electronics,Returning
2023-10-28,3.593201502638296,0.0,751,901.193502372557,1639,Saturday,0,Clothing,VIP
2023-10-29,4.478781779975454,0.0,464,358.66863681902174,1425,Sunday,0,Clothing,New
2023-10-30,8.482963763927353,0.0,521,431.0073889805376,1354,Monday,1,Electronics,New
2023-10-31,8.156547249004424,0.0,777,152.2827568723148,1662,Tuesday,0,Food,VIP
2023-11-01,6.349655635349526,0.0,534,200.36099108914874,1278,Wednesday,0,Electronics,Returning
2023-11-02,6.853811234651068,4.3395552743263535,722,564.2757124410953,1659,Thursday,0,Clothing,VIP
2023-11-03,10.426810631020492,0.0,552,340.83340905517434,1689,Friday,0,Clothing,Returning
2023-11-04,4.9135795698344324,0.0,999,851.932203167975,1717,Saturday,0,Food,VIP
2023-11-05,8.426526610485968,0.0,491,113.22404978945846,1463,Sunday,0,Electronics,Returning
2023-11-06,6.278031452624707,0.0,459,441.18464380474256,1479,Monday,0,Electronics,New
2023-11-07,6.333345508571569,0.0,829,403.6109920921834,1518,Tuesday,0,Electronics,VIP
2023-11-08,10.386873988393795,0.0,449,117.39486782584093,1277,Wednesday,0,Clothing,New
2023-11-09,9.673290536256328,0.09200422291350013,521,211.9315591004592,1535,Thursday,0,Electronics,New
2023-11-10,9.746380639162535,0.0,757,472.27840742677176,1715,Friday,0,Food,VIP
2023-11-11,11.333378336677363,0.037958092657078446,827,543.578126002702,1880,Saturday,0,Clothing,VIP
2023-11-12,7.593290647932726,0.0,537,463.8607725293822,1615,Sunday,0,Clothing,Returning
2023-11-13,9.691688684245033,0.0,525,577.8439105708844,1594,Monday,0,Electronics,Returning
2023-11-14,6.832759347260508,0.0,538,635.6185074151134,1558,Tuesday,0,Food,New
2023-11-15,8.855932834647577,13.088845831118594,448,108.93143901505206,1324,Wednesday,0,Clothing,Returning
2023-11-16,7.614987566380474,0.0,529,517.6856435081535,1520,Thursday,0,Clothing,Returning
2023-11-17,8.42046022274148,13.62364461500059,870,967.1493167988294,1930,Friday,0,Electronics,VIP
2023-11-18,10.041034887981283,0.0,514,567.1290521165938,1676,Saturday,0,Electronics,Returning
2023-11-19,5.928991767876793,0.0,942,709.7880407130579,2118,Sunday,0,Food,New
2023-11-20,14.790866216706563,3.326412744497058,413,380.67747212519487,1170,Monday,0,Electronics,Returning
2023-11-21,5.627624846599118,0.0,607,796.5922403374863,1695,Tuesday,0,Food,New
2023-11-22,5.1369666772281235,0.0,852,795.6293336885036,1758,Wednesday,0,Clothing,VIP
2023-11-23,12.38956391934894,0.0,488,569.166442888725,1445,Thursday,0,Food,New
2023-11-24,11.427721212281167,8.123415099827117,433,978.4124409512922,1237,Friday,0,Food,Returning
2023-11-25,11.064356716618452,3.873535690691302,835,212.99519328638803,1431,Saturday,0,Food,VIP
2023-11-26,11.218018964881656,0.0,600,115.2528984006229,1771,Sunday,0,Clothing,Returning
2023-11-27,9.438906549783052,0.0,769,793.1423905813864,1785,Monday,0,Electronics,VIP
2023-11-28,6.928185170159514,6.296558623240507,697,826.4399836283943,1537,Tuesday,1,Clothing,VIP
2023-11-29,9.993257600925677,0.0,544,208.1865062085186,1311,Wednesday,0,Electronics,Returning
2023-11-30,7.8818054269426225,0.0,598,339.02454966274547,2005,Thursday,0,Food,Returning
2023-12-01,12.98760369865348,0.6498947976070026,673,115.79712702996602,1395,Friday,1,Food,VIP
2023-12-02,9.771489454335702,0.0,875,363.9777497025082,1526,Saturday,1,Food,VIP
2023-12-03,7.888005700593954,0.0,727,795.8276865268043,1720,Sunday,0,Food,Returning
2023-12-04,9.553549057636914,0.0,488,566.164474941321,1505,Monday,0,Food,New
2023-12-05,11.911038437322556,3.7239224986605004,535,413.28603385145925,1380,Tuesday,0,Electronics,Returning
2023-12-06,9.136890315464907,6.172954997198428,878,434.5653654156973,1746,Wednesday,0,Electronics,VIP
2023-12-07,8.518458921240969,0.5651544176023522,488,101.21826314392133,1349,Thursday,0,Food,Returning
2023-12-08,11.87442757203966,0.0,599,369.82047480871233,1802,Friday,0,Clothing,New
2023-12-09,12.037654284419435,1.4823548004624207,589,681.8128674741374,1874,Saturday,0,Clothing,Returning
2023-12-10,9.94240925212289,16.47431485903963,997,976.7749994347214,1893,Sunday,0,Food,VIP
2023-12-11,10.211656087203895,0.0,528,862.3547442855096,1511,Monday,0,Electronics,Returning
2023-12-12,12.483453195149258,8.199293587176795,834,121.23546818097621,1904,Tuesday,0,Clothing,VIP
2023-12-13,7.606534728945134,0.0,750,908.7045442073554,1615,Wednesday,0,Clothing,VIP
2023-12-14,7.892784348064238,0.0,577,804.8785719687634,1719,Thursday,0,Clothing,Returning
2023-12-15,10.125085760901639,0.0,745,802.3385112138824,1620,Friday,0,Food,VIP
2023-12-16,11.806125593702578,0.0,633,512.1961831032143,1270,Saturday,0,Clothing,VIP
2023-12-17,13.545995036734515,0.0,536,458.20476365905256,1662,Sunday,0,Clothing,New
2023-12-18,17.206853520806987,0.0,427,372.62415594987334,1425,Monday,1,Clothing,New
2023-12-19,15.521933870919867,0.0,447,159.1253730589292,1419,Tuesday,0,Clothing,New
2023-12-20,12.63791731167728,0.0,580,305.4118271443292,1471,Wednesday,0,Electronics,New
2023-12-21,13.230019934477156,0.0,652,321.94327148022217,1492,Thursday,0,Food,VIP
2023-12-22,10.449323699443763,0.0,530,535.6693627391815,1700,Friday,0,Food,Returning
2023-12-23,13.571672870890179,0.0,685,772.6999659370246,1395,Saturday,0,Electronics,VIP
2023-12-24,12.931943634246057,0.0,730,526.4288455581519,1418,Sunday,0,Electronics,VIP
2023-12-25,14.937138706539914,0.0,573,152.06000450244454,970,Monday,0,Food,VIP
2023-12-26,11.658659181968563,0.0,544,962.0108208893835,1725,Tuesday,0,Clothing,Returning
2023-12-27,15.870015274700311,1.3516380730422153,611,948.451887184701,1769,Wednesday,0,Clothing,New
2023-12-28,19.08202006677519,0.0,634,806.6705888335675,1151,Thursday,0,Food,VIP
2023-12-29,14.32950343840197,0.0,706,992.1951114077985,1392,Friday,1,Clothing,VIP
2023-12-30,16.033001604738473,0.0,504,590.0340995202366,1443,Saturday,1,Electronics,New
2023-12-31,17.070431975133346,2.755966503777051,719,966.4915152278854,1592,Sunday,0,Clothing,VIP
2024-01-01,13.968472145900838,0.0,463,168.0445365550757,1373,Monday,0,Clothing,Returning
2024-01-02,16.016493561658706,0.5020600864556289,713,429.11267343523417,1351,Tuesday,0,Clothing,VIP
2024-01-03,15.553973874577922,0.0,683,302.8431412060893,1402,Wednesday,0,Food,VIP
2024-01-04,15.981052563669694,3.005280689813925,507,276.249775720843,1543,Thursday,0,Electronics,New
2024-01-05,13.540618635808066,0.0,674,226.72265400340848,1324,Friday,1,Clothing,VIP
2024-01-06,16.104547497251176,0.9196995746157897,903,660.172277409397,1574,Saturday,0,Food,VIP
2024-01-07,17.696075322729875,0.0,525,803.1896701725746,1532,Sunday,0,Clothing,Returning
2024-01-08,20.726218544517774,0.0,562,620.4685594783246,1796,Monday,0,Electronics,New
2024-01-09,19.42090068489843,0.0,419,232.26643862938872,1316,Tuesday,1,Clothing,New
2024-01-10,23.172478814349443,0.0,518,830.0113929401239,1346,Wednesday,0,Electronics,Returning
2024-01-11,14.580224409768295,0.0,749,672.3592364473557,1487,Thursday,0,Clothing,VIP
2024-01-12,19.668006908848227,5.135713440247937,439,449.349135514296,1326,Friday,0,Electronics,New
2024-01-13,17.76924114725671,4.67092486661959,372,706.7172659824566,1110,Saturday,0,Clothing,New
2024-01-14,23.956136459712518,0.0,706,333.9144813185495,1325,Sunday,0,Electronics,VIP
2024-01-15,15.128638095096417,0.0,685,410.67298764478943,1515,Monday,1,Clothing,VIP
2024-01-16,15.20041604879873,0.0,511,925.7372588187912,1451,Tuesday,0,Clothing,New
2024-01-17,16.086646392474023,0.0,672,361.4540551042783,1305,Wednesday,0,Food,VIP
2024-01-18,11.677525073633472,0.0,503,522.989441342143,1407,Thursday,0,Food,New
2024-01-19,16.63543155188136,0.0,742,901.1270236564131,1646,Friday,0,Electronics,VIP
2024-01-20,16.09783101128004,0.0,670,736.9492152407747,1207,Saturday,0,Clothing,VIP
2024-01-21,18.98794258119234,0.0,445,155.98290354823249,1396,Sunday,0,Electronics,Returning
2024-01-22,19.722513356238206,0.0,611,232.5727398510733,1287,Monday,0,Food,VIP
2024-01-23,24.48514658008373,0.0,524,107.05743169472514,1325,Tuesday,0,Electronics,Returning
2024-01-24,21.86615140661788,0.0,787,667.829611206247,1482,Wednesday,0,Electronics,VIP
2024-01-25,17.44122505913596,0.0,416,502.9060828693765,1323,Thursday,0,Food,New
2024-01-26,16.63251191145924,23.69693403932185,493,220.847365812048,1384,Friday,0,Clothing,New
2024-01-27,20.958050931923626,0.0,664,962.1407089510934,1485,Saturday,0,Electronics,VIP
2024-01-28,15.67480308796658,0.0,1155,576.6937515510579,2168,Sunday,0,Food,VIP
2024-01-29,25.281714698720947,0.0,422,317.7039647016003,1259,Monday,0,Clothing,New
2024-01-30,23.476075863763633,0.0,729,550.5432140392368,1503,Tuesday,0,Food,VIP
2024-01-31,18.67918248220693,1.6021329622501308,566,711.658299461597,1447,Wednesday,0,Electronics,Returning
2024-02-01,15.09475248638287,0.0,423,168.61529617620803,1215,Thursday,0,Clothing,Returning
2024-02-02,24.441668837879234,0.0,426,347.2334335431028,1284,Friday,0,Clothing,Returning
2024-02-03,20.180733595918344,0.0,665,826.2689417955943,1271,Saturday,0,Food,Returning
2024-02-04,24.380466498831563,1.0651451592998202,669,513.6983833623951,1523,Sunday,0,Food,Returning
2024-02-05,16.024719758154905,1.953164964737904,598,591.9194278290654,1211,Monday,0,Food,VIP
2024-02-06,19.149141800746317,0.0,610,489.53440198852235,1150,Tuesday,1,Clothing,VIP
2024-02-07,21.100499800305812,0.0,373,139.50994837870462,1072,Wednesday,0,Clothing,Returning
2024-02-08,21.361409265702903,0.0,664,249.17480183814033,1406,Thursday,0,Electronics,VIP
2024-02-09,20.00412659446404,3.660061610127674,735,500.9874748677018,1484,Friday,0,Clothing,VIP
2024-02-10,23.35484540739231,0.0,406,288.266918867135,1230,Saturday,1,Electronics,Returning
2024-02-11,18.413484894274998,8.05611021079626,850,144.98112579371087,1416,Sunday,0,Food,VIP
2024-02-12,21.317297733265576,0.0,681,859.2846976466413,1311,Monday,0,Food,VIP
2024-02-13,22.231414567372365,0.0,825,983.0732762477043,1861,Tuesday,0,Clothing,VIP
2024-02-14,23.537899772692718,0.0,416,813.8285865970655,1279,Wednesday,0,Food,Returning
2024-02-15,24.251410857084416,0.0,676,868.4064295342004,1368,Thursday,0,Food,VIP
2024-02-16,18.862514107445516,0.0,485,317.77941728534086,1404,Friday,0,Clothing,New
2024-02-17,17.751827717432988,0.0,532,964.5642779618797,1717,Saturday,0,Electronics,New
2024-02-18,26.302751342661082,0.0,404,277.2331340080856,1152,Sunday,0,Clothing,Returning
2024-02-19,23.5800001207244,0.0,527,956.286829325649,1399,Monday,0,Electronics,New
2024-02-20,20.44868865916972,0.0,361,995.3373645693559,1147,Tuesday,0,Clothing,Returning
2024-02-21,27.45641443727532,0.0,470,740.5505251714438,1289,Wednesday,0,Clothing,New
2024-02-22,23.25648047044635,4.0797775548399065,449,983.0293586126397,1416,Thursday,0,Food,New
2024-02-23,26.551502433938243,6.558727620964056,336,612.5858016103933,1141,Friday,0,Clothing,New
2024-02-24,23.317946034303937,3.1293646399120445,482,333.5876048584813,1508,Saturday,1,Clothing,Returning
2024-02-25,29.397009307670103,0.3101342174160877,536,493.2962970990588,1715,Sunday,0,Electronics,Returning
2024-02-26,28.577728790987692,0.0,644,634.2048418409073,1484,Monday,0,Food,VIP
2024-02-27,22.659291610907562,0.0,553,165.7734058243135,1455,Tuesday,0,Electronics,Returning
2024-02-28,26.412883768138343,0.0,614,660.1089381555215,1575,Wednesday,0,Electronics,New
2024-02-29,25.523767431513473,0.0,536,983.0600530860651,1771,Thursday,1,Food,New
2024-03-01,27.780458219893013,0.0,470,271.0968848053549,1585,Friday,0,Food,Returning
2024-03-02,20.864146669702116,3.8374971301322325,713,813.335604659545,1715,Saturday,0,Food,Returning
2024-03-03,25.898829479428954,0.0,465,917.1089144016574,1345,Sunday,0,Clothing,Returning
2024-03-04,27.095086925144248,0.0,616,949.3314335381988,1062,Monday,0,Food,VIP
2024-03-05,18.72009023725309,0.0,490,964.1220439649024,1414,Tuesday,0,Food,New
2024-03-06,20.52036259002903,0.0,611,569.3136748493248,1253,Wednesday,0,Food,VIP
2024-03-07,18.023583348573034,0.0,815,979.5771171923533,1810,Thursday,0,Electronics,VIP
2024-03-08,23.401492373832674,0.0,452,781.579186420995,1335,Friday,0,Electronics,New
2024-03-09,26.42804360317985,13.098673463521045,398,245.5042926132657,1250,Saturday,0,Clothing,New
2024-03-10,28.845443444517336,0.0,435,529.210095821173,1157,Sunday,1,Electronics,Returning
2024-03-11,24.62084492067828,0.0,584,746.4980578348036,1766,Monday,0,Clothing,Returning
2024-03-12,29.3418105109853,0.826826726612014,770,322.60628423717503,1471,Tuesday,0,Electronics,VIP
2024-03-13,20.37026078830686,24.453274810240273,434,676.5536651939987,1356,Wednesday,0,Food,Returning
2024-03-14,19.45220094785359,13.086545485792861,489,699.9404311419573,1536,Thursday,0,Electronics,Returning
2024-03-15,24.44465474203315,3.8821779939956134,609,246.4297694277093,1986,Friday,0,Clothing,New
2024-03-16,25.80959572336647,0.0,495,608.5767812074807,1478,Saturday,0,Electronics,New
2024-03-17,24.602554974232792,0.0,664,794.4642198807469,1326,Sunday,0,Food,Returning
2024-03-18,18.538678251604573,0.0,459,549.0060980823478,1495,Monday,0,Clothing,New
2024-03-19,24.511123296518203,0.0,366,110.89280509849668,1215,Tuesday,0,Food,Returning
2024-03-20,20.899656201201534,0.0,370,108.13462217136296,1165,Wednesday,0,Food,New
2024-03-21,26.853755814011038,0.0,337,421.32640957301095,994,Thursday,0,Clothing,New
2024-03-22,25.973289162230408,0.0,458,933.5746615886038,1374,Friday,0,Food,New
2024-03-23,22.079685591891465,0.0,544,305.8091016432479,904,Saturday,0,Food,New
2024-03-24,23.380621342169242,0.0,488,670.9273199845185,1575,Sunday,0,Electronics,Returning
2024-03-25,21.764538503272664,0.0,624,299.86828362398853,1329,Monday,0,Food,VIP
2024-03-26,24.771152669652274,0.0,341,389.50299069359374,891,Tuesday,0,Food,New
2024-03-27,27.83867669258527,0.0,431,863.2378806413356,1379,Wednesday,0,Food,Returning
2024-03-28,22.02717607254901,2.232501310097585,427,755.9752980429522,1321,Thursday,0,Food,Returning
2024-03-29,26.504639658950367,0.0,401,185.85934958188955,1100,Friday,0,Clothing,New
2024-03-30,23.406912164681586,0.0,720,485.83181888779023,1389,Saturday,0,Electronics,VIP
2024-03-31,22.621288900574868,0.0,505,126.25278728073802,952,Sunday,0,Food,New
2024-04-01,24.678075506683705,1.8229906097380109,435,532.801131942708,1265,Monday,0,Food,Returning
2024-04-02,21.88973583961545,0.0,651,696.1906105309613,1484,Tuesday,0,Clothing,VIP
2024-04-03,23.32784923980879,0.0,455,206.6523612383364,1460,Wednesday,0,Food,Returning
2024-04-04,21.385537930887374,0.0,438,359.9964450182491,1361,Thursday,0,Clothing,New
2024-04-05,30.86076441629087,0.0,553,458.05296295194125,1061,Friday,0,Electronics,VIP
2024-04-06,25.056843766922164,12.590785232588233,450,927.5779221904447,1483,Saturday,0,Electronics,Returning
2024-04-07,22.833391968696386,0.0,645,993.9295138806676,1419,Sunday,0,Food,Returning
2024-04-08,25.553080372137213,0.0,565,140.42016909605428,1744,Monday,0,Food,Returning
2024-04-09,24.54979175325092,9.533325566641402,456,784.9071311458529,1269,Tuesday,0,Food,New
2024-04-10,24.196572701038637,1.1691934191971594,717,434.5516597621089,1807,Wednesday,0,Clothing,VIP
2024-04-11,26.6717656199301,0.0,503,453.21236760653204,1398,Thursday,0,Food,New
2024-04-12,27.068660046596815,0.6185638975497147,417,778.8384760123204,1219,Friday,0,Food,New
2024-04-13,23.168602063492102,0.0,400,926.5837889308677,1034,Saturday,0,Electronics,New
2024-04-14,22.993727244356574,0.0,796,955.8357350522936,1191,Sunday,0,Food,VIP
2024-04-15,23.854222738785708,0.0,362,619.4103274344887,1101,Monday,0,Electronics,New
2024-04-16,17.728941991434738,0.0,466,421.40904337045254,1474,Tuesday,0,Food,New
2024-04-17,20.041604983277306,0.0,605,808.7941772729014,1341,Wednesday,0,Electronics,New
2024-04-18,28.637432768638032,7.803963467821306,309,325.90124493607027,1038,Thursday,0,Food,New
2024-04-19,29.418518940625567,1.8169093479589338,457,607.666625950166,1290,Friday,0,Electronics,Returning
2024-04-20,23.68050331523507,0.0,477,422.72061537238585,1416,Saturday,0,Clothing,New
2024-04-21,26.098484352121613,2.579024823711498,464,690.9679663370885,1485,Sunday,0,Electronics,Returning
2024-04-22,25.2409897740104,0.0,485,316.35902160415617,1481,Monday,0,Electronics,New
2024-04-23,33.47954964729665,0.0,730,272.43365116134316,1273,Tuesday,0,Electronics,VIP
2024-04-24,27.534560994897667,0.0,440,926.4151780078934,1399,Wednesday,0,Food,Returning
2024-04-25,23.72229352649986,0.0,355,191.62331465458323,1107,Thursday,0,Food,Returning
2024-04-26,21.16693670144557,5.121775572680622,341,555.3621169614385,988,Friday,0,Food,Returning
2024-04-27,19.13905394657637,8.643375877049689,397,298.767504666708,1174,Saturday,1,Clothing,Returning
2024-04-28,24.4909641338966,0.0,631,135.0369669931007,1264,Sunday,0,Clothing,VIP
2024-04-29,21.531069803882446,0.0,442,132.41693646228376,1236,Monday,1,Electronics,New
2024-04-30,19.450302058300196,0.0,421,257.6995948952446,1362,Tuesday,1,Clothing,Returning
2024-05-01,21.691702627771534,0.0,783,880.0933190554002,1427,Wednesday,0,Electronics,VIP
2024-05-02,20.298577686655083,4.660232749124953,422,354.230869579324,1273,Thursday,0,Electronics,Returning
2024-05-03,28.513915478748327,0.0,419,955.4132535177662,1376,Friday,0,Electronics,New
2024-05-04,26.00417406503472,0.0,487,623.4600636902742,1448,Saturday,0,Clothing,Returning
2024-05-05,23.23962406328924,0.0,854,492.95277079188946,1293,Sunday,0,Food,VIP
2024-05-06,27.605212931129238,0.0,369,622.0799512025092,1058,Monday,0,Clothing,New
2024-05-07,23.296904386152303,0.0,810,565.028546703641,1514,Tuesday,0,Electronics,VIP
2024-05-08,20.377976033841367,0.0,571,782.8986283815926,1443,Wednesday,0,Electronics,New
2024-05-09,27.42587078259612,0.0,398,354.24645937556704,1127,Thursday,0,Clothing,New
2024-05-10,24.365570544724385,0.0,454,417.74535244027214,1344,Friday,0,Electronics,New
2024-05-11,19.527147664926062,0.7260901616428179,504,904.6848722799257,1446,Saturday,0,Electronics,Returning
2024-05-12,21.95565224106926,0.0,732,951.8108618353649,1475,Sunday,0,Clothing,VIP
2024-05-13,19.785365348331688,0.0,712,903.302404737827,1313,Monday,0,Clothing,VIP
2024-05-14,18.147176347971865,16.88088915942053,625,477.50319456158223,1201,Tuesday,1,Clothing,VIP
2024-05-15,24.955301779354546,0.0,573,802.3289527061935,1248,Wednesday,0,Electronics,New
2024-05-16,27.78408602248217,1.8684961416535204,524,528.702159970989,1525,Thursday,0,Electronics,Returning
2024-05-17,17.737109547412352,0.0,470,547.7858669314919,1348,Friday,0,Food,New
2024-05-18,23.496641804841875,0.0,827,284.21209815155555,1336,Saturday,0,Food,VIP
2024-05-19,19.728710934769854,0.0,453,632.0172729326648,1257,Sunday,0,Clothing,Returning
2024-05-20,20.090187420796763,0.0,419,267.52230797801315,1180,Monday,0,Food,Returning
2024-05-21,19.64336535964903,0.0,446,398.4082291604744,999,Tuesday,0,Electronics,Returning
2024-05-22,18.695655836918895,0.0,665,869.5271814579417,1286,Wednesday,0,Food,VIP
2024-05-23,21.29841088346776,0.0,426,286.3682282897697,1414,Thursday,1,Electronics,Returning
2024-05-24,18.523390283016113,0.0,431,164.04245665608954,1179,Friday,0,Clothing,Returning
2024-05-25,21.68922300026425,0.0,356,162.10683335153468,1030,Saturday,0,Clothing,New
2024-05-26,20.587008350695832,7.587977466119651,554,946.7060684527971,1695,Sunday,0,Electronics,New
2024-05-27,19.879048483502537,3.0790831104569314,412,556.2283941656511,1324,Monday,0,Food,Returning
2024-05-28,17.729713399281717,0.29961950051907926,581,468.4708646353165,1704,Tuesday,0,Clothing,Returning
2024-05-29,18.576986489914333,0.0,541,829.7907229071266,1431,Wednesday,0,Clothing,New
2024-05-30,22.426797587635797,0.0,443,852.2433351194644,1313,Thursday,0,Food,New
2024-05-31,21.5151696973309,0.0,520,398.9719298040441,1695,Friday,1,Food,New
